URL,Value
https://subs-production.s3.us-west-2.amazonaws.com/1722594121592,6345
https://subs-production.s3.us-west-2.amazonaws.com/1722593870710,5926
https://subs-production.s3.us-west-2.amazonaws.com/1722594116745,4978
https://subs-production.s3.us-west-2.amazonaws.com/1722594209549,2455
https://subs-production.s3.us-west-2.amazonaws.com/1722589704634,533
https://subs-production.s3.us-west-2.amazonaws.com/1722590105338,32811
https://subs-production.s3.us-west-2.amazonaws.com/1722607583137,1026
https://subs-production.s3.us-west-2.amazonaws.com/1722618105736,2454
https://subs-production.s3.us-west-2.amazonaws.com/1722607674032,3980
https://subs-production.s3.us-west-2.amazonaws.com/1722616799259,3829
https://subs-production.s3.us-west-2.amazonaws.com/1722620657813,7751
https://subs-production.s3.us-west-2.amazonaws.com/1722617344559,2995
https://subs-production.s3.us-west-2.amazonaws.com/1722616958723,3950
https://subs-production.s3.us-west-2.amazonaws.com/1722841697716,15052
https://subs-production.s3.us-west-2.amazonaws.com/1722626097747,16098
https://subs-production.s3.us-west-2.amazonaws.com/1722626363216,3346
https://subs-production.s3.us-west-2.amazonaws.com/1722626232156,651
https://subs-production.s3.us-west-2.amazonaws.com/1722626198916,2947
https://subs-production.s3.us-west-2.amazonaws.com/1722626408349,9109
https://subs-production.s3.us-west-2.amazonaws.com/1722626443876,1963
https://subs-production.s3.us-west-2.amazonaws.com/1722656925025,13212
https://subs-production.s3.us-west-2.amazonaws.com/1722656878031,160
https://subs-production.s3.us-west-2.amazonaws.com/1722656939722,30665
https://subs-production.s3.us-west-2.amazonaws.com/1722656969598,212
https://subs-production.s3.us-west-2.amazonaws.com/1722656975175,10165
https://subs-production.s3.us-west-2.amazonaws.com/1722657046939,29097
https://subs-production.s3.us-west-2.amazonaws.com/1722624522244,23384
https://subs-production.s3.us-west-2.amazonaws.com/1722633544206,2094
https://subs-production.s3.us-west-2.amazonaws.com/1722633568802,42432
https://subs-production.s3.us-west-2.amazonaws.com/1722634909505,8750
https://subs-production.s3.us-west-2.amazonaws.com/1722746125316,921
https://subs-production.s3.us-west-2.amazonaws.com/1722627031671,7075
https://subs-production.s3.us-west-2.amazonaws.com/1722721418373,23590
https://subs-production.s3.us-west-2.amazonaws.com/1722616020203,724
https://subs-production.s3.us-west-2.amazonaws.com/1722598339806,2149
https://subs-production.s3.us-west-2.amazonaws.com/1722598405918,6130
https://subs-production.s3.us-west-2.amazonaws.com/1722616141149,8208
https://subs-production.s3.us-west-2.amazonaws.com/1722619192106,2167
https://subs-production.s3.us-west-2.amazonaws.com/1722795409856,1018
https://subs-production.s3.us-west-2.amazonaws.com/1722616867151,1135
https://subs-production.s3.us-west-2.amazonaws.com/1722626444590,7582
https://subs-production.s3.us-west-2.amazonaws.com/1722626678996,5444
https://subs-production.s3.us-west-2.amazonaws.com/1722626998476,46887
https://subs-production.s3.us-west-2.amazonaws.com/1722626716458,5703
https://subs-production.s3.us-west-2.amazonaws.com/1722626529744,2689
https://subs-production.s3.us-west-2.amazonaws.com/1722626940022,1537
https://subs-production.s3.us-west-2.amazonaws.com/1722646949939,5827
https://subs-production.s3.us-west-2.amazonaws.com/1722600432296,1785
https://subs-production.s3.us-west-2.amazonaws.com/1722600250854,13161
https://subs-production.s3.us-west-2.amazonaws.com/1722598212399,5600
https://subs-production.s3.us-west-2.amazonaws.com/1722600222811,4650
https://subs-production.s3.us-west-2.amazonaws.com/1722621371776,7428
https://subs-production.s3.us-west-2.amazonaws.com/1722602048178,8353
https://subs-production.s3.us-west-2.amazonaws.com/1722841427288,5479
https://subs-production.s3.us-west-2.amazonaws.com/1722841470219,2521
https://subs-production.s3.us-west-2.amazonaws.com/1722593733595,14527
https://subs-production.s3.us-west-2.amazonaws.com/1722594232609,4666
https://subs-production.s3.us-west-2.amazonaws.com/1722594616118,386
https://subs-production.s3.us-west-2.amazonaws.com/1722589301387,11749
https://subs-production.s3.us-west-2.amazonaws.com/1722621401664,18381
https://subs-production.s3.us-west-2.amazonaws.com/1722603267950,35421
https://subs-production.s3.us-west-2.amazonaws.com/1722603799785,67
https://subs-production.s3.us-west-2.amazonaws.com/1722635020019,13065
https://subs-production.s3.us-west-2.amazonaws.com/1722616755211,1638
https://subs-production.s3.us-west-2.amazonaws.com/1722841788736,1317
https://subs-production.s3.us-west-2.amazonaws.com/1722646868408,4374
https://subs-production.s3.us-west-2.amazonaws.com/1722602181572,1909
https://subs-production.s3.us-west-2.amazonaws.com/1722602189663,3841
https://subs-production.s3.us-west-2.amazonaws.com/1722620585587,87
https://subs-production.s3.us-west-2.amazonaws.com/1722617299131,19132
https://subs-production.s3.us-west-2.amazonaws.com/1722635447742,3180
https://subs-production.s3.us-west-2.amazonaws.com/1722635651027,13033
https://subs-production.s3.us-west-2.amazonaws.com/1722635658851,149307
https://subs-production.s3.us-west-2.amazonaws.com/1722614703858,28545
https://subs-production.s3.us-west-2.amazonaws.com/1722607633931,7127
https://subs-production.s3.us-west-2.amazonaws.com/1722612713239,25877
https://subs-production.s3.us-west-2.amazonaws.com/1722623013378,703
https://subs-production.s3.us-west-2.amazonaws.com/1722633954858,15378
https://subs-production.s3.us-west-2.amazonaws.com/1722640768739,4402
https://subs-production.s3.us-west-2.amazonaws.com/1722621917195,1357
https://subs-production.s3.us-west-2.amazonaws.com/1722665866173,6607
https://subs-production.s3.us-west-2.amazonaws.com/1722637962846,7801
https://subs-production.s3.us-west-2.amazonaws.com/1722659054332,3172
https://subs-production.s3.us-west-2.amazonaws.com/1722620413429,55918
https://subs-production.s3.us-west-2.amazonaws.com/1722615961097,34527
https://subs-production.s3.us-west-2.amazonaws.com/1722659512174,61091
https://subs-production.s3.us-west-2.amazonaws.com/1722782244431,3956
https://subs-production.s3.us-west-2.amazonaws.com/1722674320267,31508
https://subs-production.s3.us-west-2.amazonaws.com/1722598451654,21711
https://subs-production.s3.us-west-2.amazonaws.com/1722598509742,12148
https://subs-production.s3.us-west-2.amazonaws.com/1722635190768,5899
https://subs-production.s3.us-west-2.amazonaws.com/1722615790212,7099
https://subs-production.s3.us-west-2.amazonaws.com/1722619668418,4558
https://subs-production.s3.us-west-2.amazonaws.com/1722581302624,2163
https://subs-production.s3.us-west-2.amazonaws.com/1722746105972,7189
https://subs-production.s3.us-west-2.amazonaws.com/1722619183257,20605
https://subs-production.s3.us-west-2.amazonaws.com/1722637809050,6580
https://subs-production.s3.us-west-2.amazonaws.com/1722637835914,1367
https://subs-production.s3.us-west-2.amazonaws.com/1722598335314,31320
https://subs-production.s3.us-west-2.amazonaws.com/1722600855518,7415
https://subs-production.s3.us-west-2.amazonaws.com/1722624877504,3882
https://subs-production.s3.us-west-2.amazonaws.com/1722614837806,6548
https://subs-production.s3.us-west-2.amazonaws.com/1722614859162,1701
https://subs-production.s3.us-west-2.amazonaws.com/1722614866538,6111
https://subs-production.s3.us-west-2.amazonaws.com/1722614872947,7585
https://subs-production.s3.us-west-2.amazonaws.com/1722614880205,4272
https://subs-production.s3.us-west-2.amazonaws.com/1722621978842,195
https://subs-production.s3.us-west-2.amazonaws.com/1722624143069,41809
https://subs-production.s3.us-west-2.amazonaws.com/1722802266849,685
https://subs-production.s3.us-west-2.amazonaws.com/1722804972916,143
https://subs-production.s3.us-west-2.amazonaws.com/1722805577360,5469
https://subs-production.s3.us-west-2.amazonaws.com/1722812721807,11904
https://subs-production.s3.us-west-2.amazonaws.com/1722836341043,5832
https://subs-production.s3.us-west-2.amazonaws.com/1722635720446,4083
https://subs-production.s3.us-west-2.amazonaws.com/1722841898546,22530
https://subs-production.s3.us-west-2.amazonaws.com/1722616715947,1643
https://subs-production.s3.us-west-2.amazonaws.com/1722625584588,2143
https://subs-production.s3.us-west-2.amazonaws.com/1722616758109,2934
https://subs-production.s3.us-west-2.amazonaws.com/1722639073520,774
https://subs-production.s3.us-west-2.amazonaws.com/1722619291726,5363
https://subs-production.s3.us-west-2.amazonaws.com/1722620796470,3506
https://subs-production.s3.us-west-2.amazonaws.com/1722611870427,2411
https://subs-production.s3.us-west-2.amazonaws.com/1722611863327,1019
https://subs-production.s3.us-west-2.amazonaws.com/1722611819788,10798
https://subs-production.s3.us-west-2.amazonaws.com/1722611846557,4533
https://subs-production.s3.us-west-2.amazonaws.com/1722611897185,4557
https://subs-production.s3.us-west-2.amazonaws.com/1722812526477,5348
https://subs-production.s3.us-west-2.amazonaws.com/1722612209619,8717
https://subs-production.s3.us-west-2.amazonaws.com/1722612248751,2770
https://subs-production.s3.us-west-2.amazonaws.com/1722612270022,1183
https://subs-production.s3.us-west-2.amazonaws.com/1722612326647,73
https://subs-production.s3.us-west-2.amazonaws.com/1722612355406,8082
https://subs-production.s3.us-west-2.amazonaws.com/1722612309764,2082
https://subs-production.s3.us-west-2.amazonaws.com/1722619279368,8536
https://subs-production.s3.us-west-2.amazonaws.com/1722629744855,423
https://subs-production.s3.us-west-2.amazonaws.com/1722627585043,4137
https://subs-production.s3.us-west-2.amazonaws.com/1722659526178,4005
https://subs-production.s3.us-west-2.amazonaws.com/1722606554068,12865
https://subs-production.s3.us-west-2.amazonaws.com/1722619646835,1344
https://subs-production.s3.us-west-2.amazonaws.com/1722618788578,6223
https://subs-production.s3.us-west-2.amazonaws.com/1722633915448,12776
https://subs-production.s3.us-west-2.amazonaws.com/1722610929226,6993
https://subs-production.s3.us-west-2.amazonaws.com/1722598793309,4012
https://subs-production.s3.us-west-2.amazonaws.com/1722639940489,25188
https://subs-production.s3.us-west-2.amazonaws.com/1722615774301,11509
https://subs-production.s3.us-west-2.amazonaws.com/1722638090740,27606
https://subs-production.s3.us-west-2.amazonaws.com/1722606841234,3298
https://subs-production.s3.us-west-2.amazonaws.com/1722615016386,2541
https://subs-production.s3.us-west-2.amazonaws.com/1722615029953,4430
https://subs-production.s3.us-west-2.amazonaws.com/1722624168687,5236
https://subs-production.s3.us-west-2.amazonaws.com/1722624195804,3352
https://subs-production.s3.us-west-2.amazonaws.com/1722624215406,6744
https://subs-production.s3.us-west-2.amazonaws.com/1722624205858,7312
https://subs-production.s3.us-west-2.amazonaws.com/1722614890069,4323
https://subs-production.s3.us-west-2.amazonaws.com/1722631339173,9844
https://subs-production.s3.us-west-2.amazonaws.com/1722626990336,10949
https://subs-production.s3.us-west-2.amazonaws.com/1722593890714,1714
https://subs-production.s3.us-west-2.amazonaws.com/1722590195370,60017
https://subs-production.s3.us-west-2.amazonaws.com/1722620555321,1039
https://subs-production.s3.us-west-2.amazonaws.com/1722657117533,2441
https://subs-production.s3.us-west-2.amazonaws.com/1722600003718,4835
https://subs-production.s3.us-west-2.amazonaws.com/1722686076901,47497
https://subs-production.s3.us-west-2.amazonaws.com/1722686237185,4804
https://subs-production.s3.us-west-2.amazonaws.com/1722686412911,2380
https://subs-production.s3.us-west-2.amazonaws.com/1722686505506,6817
https://subs-production.s3.us-west-2.amazonaws.com/1722686907584,389
https://subs-production.s3.us-west-2.amazonaws.com/1722657159342,887
https://subs-production.s3.us-west-2.amazonaws.com/1722657235920,2043
https://subs-production.s3.us-west-2.amazonaws.com/1722657126476,1662
https://subs-production.s3.us-west-2.amazonaws.com/1722657190735,1129
https://subs-production.s3.us-west-2.amazonaws.com/1722659056946,31581
https://subs-production.s3.us-west-2.amazonaws.com/1722657152731,3728
https://subs-production.s3.us-west-2.amazonaws.com/1722657202405,1883
https://subs-production.s3.us-west-2.amazonaws.com/1722606439657,57188
https://subs-production.s3.us-west-2.amazonaws.com/1722606747516,3984
https://subs-production.s3.us-west-2.amazonaws.com/1722606792826,5915
https://subs-production.s3.us-west-2.amazonaws.com/1722606859387,252
https://subs-production.s3.us-west-2.amazonaws.com/1722611200837,1178
https://subs-production.s3.us-west-2.amazonaws.com/1722611689507,10139
https://subs-production.s3.us-west-2.amazonaws.com/1722612316606,13403
https://subs-production.s3.us-west-2.amazonaws.com/1722612352216,5987
https://subs-production.s3.us-west-2.amazonaws.com/1722721597740,2185
https://subs-production.s3.us-west-2.amazonaws.com/1722620529924,13858
https://subs-production.s3.us-west-2.amazonaws.com/1722620555820,19587
https://subs-production.s3.us-west-2.amazonaws.com/1722624579894,4806
https://subs-production.s3.us-west-2.amazonaws.com/1722644181546,655
https://subs-production.s3.us-west-2.amazonaws.com/1722638113377,12180
https://subs-production.s3.us-west-2.amazonaws.com/1722656986892,9418
https://subs-production.s3.us-west-2.amazonaws.com/1722657030514,43339
https://subs-production.s3.us-west-2.amazonaws.com/1722657038121,21935
https://subs-production.s3.us-west-2.amazonaws.com/1722657067723,7728
https://subs-production.s3.us-west-2.amazonaws.com/1722657102921,2028
https://subs-production.s3.us-west-2.amazonaws.com/1722597478672,5297
https://subs-production.s3.us-west-2.amazonaws.com/1722624225167,1745
https://subs-production.s3.us-west-2.amazonaws.com/1722634894645,7683
https://subs-production.s3.us-west-2.amazonaws.com/1722633241310,17106
https://subs-production.s3.us-west-2.amazonaws.com/1722633561756,41028
https://subs-production.s3.us-west-2.amazonaws.com/1722632772743,1772
https://subs-production.s3.us-west-2.amazonaws.com/1722633166145,39734
https://subs-production.s3.us-west-2.amazonaws.com/1722606752739,10429
