,URL,Value,id,Extracted_Value,Contains
0,https://subs-production.s3.us-west-2.amazonaws.com/1722594121592,6345,/content/file_0.jpg,200064500360521220052572291159988,False
4,https://subs-production.s3.us-west-2.amazonaws.com/1722589704634,533,/content/file_4.jpg,302106804032839,False
5,https://subs-production.s3.us-west-2.amazonaws.com/1722590105338,32811,/content/file_5.jpg,5,False
6,https://subs-production.s3.us-west-2.amazonaws.com/1722607583137,1026,/content/file_6.jpg,6026123082,False
7,https://subs-production.s3.us-west-2.amazonaws.com/1722618105736,2454,/content/file_7.jpg,0128601110187840,False
8,https://subs-production.s3.us-west-2.amazonaws.com/1722607674032,3980,/content/file_8.jpg,608085413601919131584321,False
9,https://subs-production.s3.us-west-2.amazonaws.com/1722616799259,3829,/content/file_9.jpg,625103320012305056016100487220171011,False
13,https://subs-production.s3.us-west-2.amazonaws.com/1722841697716,15052,/content/file_13.jpg,3509271201056023080151037043112015,False
14,https://subs-production.s3.us-west-2.amazonaws.com/1722626097747,16098,/content/file_14.jpg,,False
15,https://subs-production.s3.us-west-2.amazonaws.com/1722626363216,3346,/content/file_15.jpg,034625250412,False
18,https://subs-production.s3.us-west-2.amazonaws.com/1722626408349,9109,/content/file_18.jpg,,False
19,https://subs-production.s3.us-west-2.amazonaws.com/1722626443876,1963,/content/file_19.jpg,00049631000027109684622545023002080020074384,False
20,https://subs-production.s3.us-west-2.amazonaws.com/1722656925025,13212,/content/file_20.jpg,4024650211947451044,False
21,https://subs-production.s3.us-west-2.amazonaws.com/1722656878031,160,/content/file_21.jpg,1064,False
24,https://subs-production.s3.us-west-2.amazonaws.com/1722656975175,10165,/content/file_24.jpg,141027112,False
25,https://subs-production.s3.us-west-2.amazonaws.com/1722657046939,29097,/content/file_25.jpg,130419431,False
26,https://subs-production.s3.us-west-2.amazonaws.com/1722624522244,23384,/content/file_26.jpg,040694213023344154,False
27,https://subs-production.s3.us-west-2.amazonaws.com/1722633544206,2094,/content/file_27.jpg,30270201053472620524622053210920201290,False
28,https://subs-production.s3.us-west-2.amazonaws.com/1722633568802,42432,/content/file_28.jpg,42132408568952562561524221448921048544103,False
29,https://subs-production.s3.us-west-2.amazonaws.com/1722634909505,8750,/content/file_29.jpg,01010147041286714,False
31,https://subs-production.s3.us-west-2.amazonaws.com/1722627031671,7075,/content/file_31.jpg,707425114882787114306,False
32,https://subs-production.s3.us-west-2.amazonaws.com/1722721418373,23590,/content/file_32.jpg,001611793054,False
33,https://subs-production.s3.us-west-2.amazonaws.com/1722616020203,724,/content/file_33.jpg,82053212002016160012305056001141171303,False
34,https://subs-production.s3.us-west-2.amazonaws.com/1722598339806,2149,/content/file_34.jpg,8149,False
35,https://subs-production.s3.us-west-2.amazonaws.com/1722598405918,6130,/content/file_35.jpg,101510043899307207764361887013,False
36,https://subs-production.s3.us-west-2.amazonaws.com/1722616141149,8208,/content/file_36.jpg,0800882888140201004021430400670,False
37,https://subs-production.s3.us-west-2.amazonaws.com/1722619192106,2167,/content/file_37.jpg,523001224575162052116205321305607416012141034589,False
38,https://subs-production.s3.us-west-2.amazonaws.com/1722795409856,1018,/content/file_38.jpg,82124502360066731141040722,False
39,https://subs-production.s3.us-west-2.amazonaws.com/1722616867151,1135,/content/file_39.jpg,,False
41,https://subs-production.s3.us-west-2.amazonaws.com/1722626678996,5444,/content/file_41.jpg,20101423221200012600353211011316972,False
42,https://subs-production.s3.us-west-2.amazonaws.com/1722626998476,46887,/content/file_42.jpg,688220624010605040097797,False
43,https://subs-production.s3.us-west-2.amazonaws.com/1722626716458,5703,/content/file_43.jpg,2010123212000122600315321101131219,False
44,https://subs-production.s3.us-west-2.amazonaws.com/1722626529744,2689,/content/file_44.jpg,,False
45,https://subs-production.s3.us-west-2.amazonaws.com/1722626940022,1537,/content/file_45.jpg,86,False
46,https://subs-production.s3.us-west-2.amazonaws.com/1722646949939,5827,/content/file_46.jpg,6205321200320151600123050560101141118,False
47,https://subs-production.s3.us-west-2.amazonaws.com/1722600432296,1785,/content/file_47.jpg,2010,False
48,https://subs-production.s3.us-west-2.amazonaws.com/1722600250854,13161,/content/file_48.jpg,3502741121018102732123080620532104201860,False
49,https://subs-production.s3.us-west-2.amazonaws.com/1722598212399,5600,/content/file_49.jpg,04910290699201,False
50,https://subs-production.s3.us-west-2.amazonaws.com/1722600222811,4650,/content/file_50.jpg,47622300601014004081008814849,False
51,https://subs-production.s3.us-west-2.amazonaws.com/1722621371776,7428,/content/file_51.jpg,,False
52,https://subs-production.s3.us-west-2.amazonaws.com/1722602048178,8353,/content/file_52.jpg,81842551083613086205321820532325440700458535485961583200320000899201340915,False
53,https://subs-production.s3.us-west-2.amazonaws.com/1722841427288,5479,/content/file_53.jpg,56001230101094,False
54,https://subs-production.s3.us-west-2.amazonaws.com/1722841470219,2521,/content/file_54.jpg,,False
55,https://subs-production.s3.us-west-2.amazonaws.com/1722593733595,14527,/content/file_55.jpg,300602644521233363877,False
56,https://subs-production.s3.us-west-2.amazonaws.com/1722594232609,4666,/content/file_56.jpg,350277683112501017111213366028008206321102017,False
57,https://subs-production.s3.us-west-2.amazonaws.com/1722594616118,386,/content/file_57.jpg,321200520151600123050560411141199973,False
58,https://subs-production.s3.us-west-2.amazonaws.com/1722589301387,11749,/content/file_58.jpg,0416109,False
59,https://subs-production.s3.us-west-2.amazonaws.com/1722621401664,18381,/content/file_59.jpg,024505345,False
60,https://subs-production.s3.us-west-2.amazonaws.com/1722603267950,35421,/content/file_60.jpg,,False
61,https://subs-production.s3.us-west-2.amazonaws.com/1722603799785,67,/content/file_61.jpg,62053212003201516001230505601011147173542,False
62,https://subs-production.s3.us-west-2.amazonaws.com/1722635020019,13065,/content/file_62.jpg,,False
63,https://subs-production.s3.us-west-2.amazonaws.com/1722616755211,1638,/content/file_63.jpg,0,False
64,https://subs-production.s3.us-west-2.amazonaws.com/1722841788736,1317,/content/file_64.jpg,5467620521350425702020551423299405231120,False
67,https://subs-production.s3.us-west-2.amazonaws.com/1722602189663,3841,/content/file_67.jpg,03,False
68,https://subs-production.s3.us-west-2.amazonaws.com/1722620585587,87,/content/file_68.jpg,004008320451600100560410144,False
69,https://subs-production.s3.us-west-2.amazonaws.com/1722617299131,19132,/content/file_69.jpg,81328622305255720,False
70,https://subs-production.s3.us-west-2.amazonaws.com/1722635447742,3180,/content/file_70.jpg,16702670643,False
71,https://subs-production.s3.us-west-2.amazonaws.com/1722635651027,13033,/content/file_71.jpg,2006303341000100402524240158601452402611334725,False
72,https://subs-production.s3.us-west-2.amazonaws.com/1722635658851,149307,/content/file_72.jpg,,False
73,https://subs-production.s3.us-west-2.amazonaws.com/1722614703858,28545,/content/file_73.jpg,,False
74,https://subs-production.s3.us-west-2.amazonaws.com/1722607633931,7127,/content/file_74.jpg,,False
75,https://subs-production.s3.us-west-2.amazonaws.com/1722612713239,25877,/content/file_75.jpg,,False
77,https://subs-production.s3.us-west-2.amazonaws.com/1722633954858,15378,/content/file_77.jpg,615878261013452525623080760,False
79,https://subs-production.s3.us-west-2.amazonaws.com/1722621917195,1357,/content/file_79.jpg,546205462052061016765604201428492,False
80,https://subs-production.s3.us-west-2.amazonaws.com/1722665866173,6607,/content/file_80.jpg,,False
81,https://subs-production.s3.us-west-2.amazonaws.com/1722637962846,7801,/content/file_81.jpg,306026265217003363,False
82,https://subs-production.s3.us-west-2.amazonaws.com/1722659054332,3172,/content/file_82.jpg,15411052512361614620532182051282440700145493100899303200300201335283,False
83,https://subs-production.s3.us-west-2.amazonaws.com/1722620413429,55918,/content/file_83.jpg,5590247,False
85,https://subs-production.s3.us-west-2.amazonaws.com/1722659512174,61091,/content/file_85.jpg,40930385,False
86,https://subs-production.s3.us-west-2.amazonaws.com/1722782244431,3956,/content/file_86.jpg,01910711370580,False
87,https://subs-production.s3.us-west-2.amazonaws.com/1722674320267,31508,/content/file_87.jpg,,False
88,https://subs-production.s3.us-west-2.amazonaws.com/1722598451654,21711,/content/file_88.jpg,4010022232125052560450,False
89,https://subs-production.s3.us-west-2.amazonaws.com/1722598509742,12148,/content/file_89.jpg,3502711015045053377,False
90,https://subs-production.s3.us-west-2.amazonaws.com/1722635190768,5899,/content/file_90.jpg,718019220,False
91,https://subs-production.s3.us-west-2.amazonaws.com/1722615790212,7099,/content/file_91.jpg,,False
92,https://subs-production.s3.us-west-2.amazonaws.com/1722619668418,4558,/content/file_92.jpg,6205370837558620151600123050560101114145688,False
93,https://subs-production.s3.us-west-2.amazonaws.com/1722581302624,2163,/content/file_93.jpg,26111059456252512023050200980,False
95,https://subs-production.s3.us-west-2.amazonaws.com/1722619183257,20605,/content/file_95.jpg,34143680010632304001432014,False
96,https://subs-production.s3.us-west-2.amazonaws.com/1722637809050,6580,/content/file_96.jpg,,False
97,https://subs-production.s3.us-west-2.amazonaws.com/1722637835914,1367,/content/file_97.jpg,21046205211082020128012205102702011988136205321,False
99,https://subs-production.s3.us-west-2.amazonaws.com/1722600855518,7415,/content/file_99.jpg,,False
100,https://subs-production.s3.us-west-2.amazonaws.com/1722624877504,3882,/content/file_100.jpg,,False
102,https://subs-production.s3.us-west-2.amazonaws.com/1722614859162,1701,/content/file_102.jpg,3025705212053212051401510985023,False
103,https://subs-production.s3.us-west-2.amazonaws.com/1722614866538,6111,/content/file_103.jpg,020600106400912088701,False
104,https://subs-production.s3.us-west-2.amazonaws.com/1722614872947,7585,/content/file_104.jpg,07507220523211347386,False
105,https://subs-production.s3.us-west-2.amazonaws.com/1722614880205,4272,/content/file_105.jpg,35047227461120101511544905604230800620532102201614,False
106,https://subs-production.s3.us-west-2.amazonaws.com/1722621978842,195,/content/file_106.jpg,0124056048090480458897,False
107,https://subs-production.s3.us-west-2.amazonaws.com/1722624143069,41809,/content/file_107.jpg,,False
108,https://subs-production.s3.us-west-2.amazonaws.com/1722802266849,685,/content/file_108.jpg,70006501670242045,False
109,https://subs-production.s3.us-west-2.amazonaws.com/1722804972916,143,/content/file_109.jpg,,False
110,https://subs-production.s3.us-west-2.amazonaws.com/1722805577360,5469,/content/file_110.jpg,20130756924121200012232305605062053211313526560,False
111,https://subs-production.s3.us-west-2.amazonaws.com/1722812721807,11904,/content/file_111.jpg,1306,False
115,https://subs-production.s3.us-west-2.amazonaws.com/1722616715947,1643,/content/file_115.jpg,8184105286154838662681213176202144708414524364303200201332099,False
116,https://subs-production.s3.us-west-2.amazonaws.com/1722625584588,2143,/content/file_116.jpg,0377,False
117,https://subs-production.s3.us-west-2.amazonaws.com/1722616758109,2934,/content/file_117.jpg,1482586531525384555675832003200201327292,False
118,https://subs-production.s3.us-west-2.amazonaws.com/1722639073520,774,/content/file_118.jpg,2444,False
120,https://subs-production.s3.us-west-2.amazonaws.com/1722620796470,3506,/content/file_120.jpg,123011715107371924970757800,False
121,https://subs-production.s3.us-west-2.amazonaws.com/1722611870427,2411,/content/file_121.jpg,7002441002605210125005251720291174887,False
122,https://subs-production.s3.us-west-2.amazonaws.com/1722611863327,1019,/content/file_122.jpg,2016109181000000100260521625050525720291166415,False
123,https://subs-production.s3.us-west-2.amazonaws.com/1722611819788,10798,/content/file_123.jpg,174110,False
124,https://subs-production.s3.us-west-2.amazonaws.com/1722611846557,4533,/content/file_124.jpg,1000010100100104555,False
126,https://subs-production.s3.us-west-2.amazonaws.com/1722812526477,5348,/content/file_126.jpg,28083483121125833015604561210462862,False
127,https://subs-production.s3.us-west-2.amazonaws.com/1722612209619,8717,/content/file_127.jpg,,False
128,https://subs-production.s3.us-west-2.amazonaws.com/1722612248751,2770,/content/file_128.jpg,3502741121015035129256023080004201627,False
129,https://subs-production.s3.us-west-2.amazonaws.com/1722612270022,1183,/content/file_129.jpg,,False
130,https://subs-production.s3.us-west-2.amazonaws.com/1722612326647,73,/content/file_130.jpg,87620512160516201001911331231,False
132,https://subs-production.s3.us-west-2.amazonaws.com/1722612309764,2082,/content/file_132.jpg,620532156205211121225612257020191911331,False
134,https://subs-production.s3.us-west-2.amazonaws.com/1722629744855,423,/content/file_134.jpg,4161186,False
135,https://subs-production.s3.us-west-2.amazonaws.com/1722627585043,4137,/content/file_135.jpg,3,False
136,https://subs-production.s3.us-west-2.amazonaws.com/1722659526178,4005,/content/file_136.jpg,602013004405530,False
137,https://subs-production.s3.us-west-2.amazonaws.com/1722606554068,12865,/content/file_137.jpg,04441010102862152250780,False
138,https://subs-production.s3.us-west-2.amazonaws.com/1722619646835,1344,/content/file_138.jpg,11010249127083402010275530205211820542174230,False
141,https://subs-production.s3.us-west-2.amazonaws.com/1722610929226,6993,/content/file_141.jpg,1017110258565048008206321082017,False
142,https://subs-production.s3.us-west-2.amazonaws.com/1722598793309,4012,/content/file_142.jpg,35027112501056023015105355562053211220152800,False
143,https://subs-production.s3.us-west-2.amazonaws.com/1722639940489,25188,/content/file_143.jpg,,False
144,https://subs-production.s3.us-west-2.amazonaws.com/1722615774301,11509,/content/file_144.jpg,20405091100001000100100118226052102250505251440720688336111,False
145,https://subs-production.s3.us-west-2.amazonaws.com/1722638090740,27606,/content/file_145.jpg,0162406,False
146,https://subs-production.s3.us-west-2.amazonaws.com/1722606841234,3298,/content/file_146.jpg,12300398923056050101546205211620532162056212017171122878,False
147,https://subs-production.s3.us-west-2.amazonaws.com/1722615016386,2541,/content/file_147.jpg,350354127411250101510166725603080062053210920151,False
148,https://subs-production.s3.us-west-2.amazonaws.com/1722615029953,4430,/content/file_148.jpg,62053216205211541201205125702020201262621,False
149,https://subs-production.s3.us-west-2.amazonaws.com/1722624168687,5236,/content/file_149.jpg,075291201060553660521725251156947,False
151,https://subs-production.s3.us-west-2.amazonaws.com/1722624215406,6744,/content/file_151.jpg,22000223230560406205321111015186,False
152,https://subs-production.s3.us-west-2.amazonaws.com/1722624205858,7312,/content/file_152.jpg,20112212120001223230560506205321111017923,False
153,https://subs-production.s3.us-west-2.amazonaws.com/1722614890069,4323,/content/file_153.jpg,0096,False
155,https://subs-production.s3.us-west-2.amazonaws.com/1722626990336,10949,/content/file_155.jpg,,False
156,https://subs-production.s3.us-west-2.amazonaws.com/1722593890714,1714,/content/file_156.jpg,845196828653553200201342261331,False
158,https://subs-production.s3.us-west-2.amazonaws.com/1722620555321,1039,/content/file_158.jpg,67010890,False
159,https://subs-production.s3.us-west-2.amazonaws.com/1722657117533,2441,/content/file_159.jpg,12000126230505062052111810582836205321702018,False
160,https://subs-production.s3.us-west-2.amazonaws.com/1722600003718,4835,/content/file_160.jpg,710,False
161,https://subs-production.s3.us-west-2.amazonaws.com/1722686076901,47497,/content/file_161.jpg,24029702505252250,False
162,https://subs-production.s3.us-west-2.amazonaws.com/1722686237185,4804,/content/file_162.jpg,80191020845,False
163,https://subs-production.s3.us-west-2.amazonaws.com/1722686412911,2380,/content/file_163.jpg,74620532120032015160012305056041011141142858,False
164,https://subs-production.s3.us-west-2.amazonaws.com/1722686505506,6817,/content/file_164.jpg,540512039161201418732,False
166,https://subs-production.s3.us-west-2.amazonaws.com/1722657159342,887,/content/file_166.jpg,112000126230560506205211181058143620532172018,False
167,https://subs-production.s3.us-west-2.amazonaws.com/1722657235920,2043,/content/file_167.jpg,824538511035604547045495446568742400892013352801630620522162053232,False
168,https://subs-production.s3.us-west-2.amazonaws.com/1722657126476,1662,/content/file_168.jpg,423120002023050082052111810561048205321702018,False
169,https://subs-production.s3.us-west-2.amazonaws.com/1722657190735,1129,/content/file_169.jpg,94440144,False
170,https://subs-production.s3.us-west-2.amazonaws.com/1722659056946,31581,/content/file_170.jpg,43582176274652209914013571058,False
171,https://subs-production.s3.us-west-2.amazonaws.com/1722657152731,3728,/content/file_171.jpg,7012000126230560060521118205321181058268,False
172,https://subs-production.s3.us-west-2.amazonaws.com/1722657202405,1883,/content/file_172.jpg,2305027608020107012462062116205321102020128071,False
173,https://subs-production.s3.us-west-2.amazonaws.com/1722606439657,57188,/content/file_173.jpg,21200092303089,False
176,https://subs-production.s3.us-west-2.amazonaws.com/1722606859387,252,/content/file_176.jpg,208000052724042000,False
177,https://subs-production.s3.us-west-2.amazonaws.com/1722611200837,1178,/content/file_177.jpg,30104370020100209243202000741,False
178,https://subs-production.s3.us-west-2.amazonaws.com/1722611689507,10139,/content/file_178.jpg,22142120886218613628032919310305022010000,False
179,https://subs-production.s3.us-west-2.amazonaws.com/1722612316606,13403,/content/file_179.jpg,,False
180,https://subs-production.s3.us-west-2.amazonaws.com/1722612352216,5987,/content/file_180.jpg,09971780010901,False
181,https://subs-production.s3.us-west-2.amazonaws.com/1722721597740,2185,/content/file_181.jpg,1014620532120130413309840,False
182,https://subs-production.s3.us-west-2.amazonaws.com/1722620529924,13858,/content/file_182.jpg,0104627824821120420191280172271,False
183,https://subs-production.s3.us-west-2.amazonaws.com/1722620555820,19587,/content/file_183.jpg,18,False
184,https://subs-production.s3.us-west-2.amazonaws.com/1722624579894,4806,/content/file_184.jpg,628744915905,False
185,https://subs-production.s3.us-west-2.amazonaws.com/1722644181546,655,/content/file_185.jpg,0462074777,False
186,https://subs-production.s3.us-west-2.amazonaws.com/1722638113377,12180,/content/file_186.jpg,2230520036205321200301611845030191160620521151639,False
188,https://subs-production.s3.us-west-2.amazonaws.com/1722657030514,43339,/content/file_188.jpg,,False
189,https://subs-production.s3.us-west-2.amazonaws.com/1722657038121,21935,/content/file_189.jpg,2198808641414,False
190,https://subs-production.s3.us-west-2.amazonaws.com/1722657067723,7728,/content/file_190.jpg,1122000126023056050620521118105816662053212018,False
191,https://subs-production.s3.us-west-2.amazonaws.com/1722657102921,2028,/content/file_191.jpg,112000126023056006205211620532118105592272018,False
193,https://subs-production.s3.us-west-2.amazonaws.com/1722624225167,1745,/content/file_193.jpg,11400673,False
194,https://subs-production.s3.us-west-2.amazonaws.com/1722634894645,7683,/content/file_194.jpg,2,False
195,https://subs-production.s3.us-west-2.amazonaws.com/1722633241310,17106,/content/file_195.jpg,0041101002215610643820612019261,False
196,https://subs-production.s3.us-west-2.amazonaws.com/1722633561756,41028,/content/file_196.jpg,,False
197,https://subs-production.s3.us-west-2.amazonaws.com/1722632772743,1772,/content/file_197.jpg,201122002230560620532111101546103166,False
199,https://subs-production.s3.us-west-2.amazonaws.com/1722606752739,10429,/content/file_199.jpg,141104596220100460036205321,False
